publication,family_id,priority_date,title,original_applicants,source_url
CN112914464A,72658993,2019-12-06,导水家庭用具和用于操作这样的导水家庭用具的方法,EGO Elektro Geratebau GmbH,https://patents.google.com/patent/CN112914464A/zh
CN115087774A,69171968,2019-12-10,微塑料压实器和压实微塑料的方法,Heritage Earth Ltd,https://patents.google.com/patent/CN115087774A/zh
CN115298383A,70804819,2020-04-03,用于从废液中过滤微纤维的可再生的系统和方法,IFP Energies Nouvelles IFPEN,https://patents.google.com/patent/CN115298383A/zh
CN115637570A,84940183,2021-07-20,一种微纤维过滤器及洗衣机,Qingdao Haier Washing Machine Co Ltd;Qingdao Haier Smart Technology R&D Co Ltd;Haier Smart Home Co Ltd,https://patents.google.com/patent/CN115637570A/zh
CN115700309A,85120837,2021-07-22,一种过滤装置及洗衣机,Qingdao Haier Washing Electric Appliance Co Ltd;Haier Smart Home Co Ltd,https://patents.google.com/patent/CN115700309A/zh
CN116282270A,86813332,2023-04-17,一种去除洗衣机水中微塑料的方法、组件及洗衣机,Northeast Petroleum University,https://patents.google.com/patent/CN116282270A/zh
CN117702432A,90159083,2024-01-10,过滤组件和洗衣机,TCL Home Appliances Hefei Co Ltd,https://patents.google.com/patent/CN117702432A/zh
CN118273060A,91644784,2022-12-30,过滤器组件及洗衣机,UFI Filters SpA,https://patents.google.com/patent/CN118273060A/zh
CN120500565A,91718058,2022-12-29,洗衣机和用于洗衣机的过滤器装置,LG Electronics Inc,https://patents.google.com/patent/CN120500565A/zh
CN222043626U,93508213,2024-01-10,过滤组件和洗衣机,TCL Home Appliances Hefei Co Ltd,https://patents.google.com/patent/CN222043626U/zh
WO2021116933A1,69171968,2019-12-10,Microplastic compactor and method of compacting microplastics,Inheriting Earth Ltd,https://patents.google.com/patent/WO2021116933A1/en
WO2022084677A1,78536409,2020-10-21,"A microparticle filter, a textile treatment apparatus and method of filtering microparticles",Xeros Ltd,https://patents.google.com/patent/WO2022084677A1/en
WO2023047385A1,85720193,2021-09-27,Laundry appliance having a micro-particle filtration and collection system,Whirlpool Corp,https://patents.google.com/patent/WO2023047385A1/en
WO2024143783A1,91718058,2022-12-29,Washing machine and filter device for washing machine,LG Electronics Inc,https://patents.google.com/patent/WO2024143783A1/en
WO2024199585A1,90826597,2023-03-29,"Filter device comprising bionic filter element, and method for separating microplastic from fluids",Rheinische Friedrich Wilhelms Universitaet Bonn;Fraunhofer Gesellschaft zur Foerderung der Angewandten Forschung eV,https://patents.google.com/patent/WO2024199585A1/en
WO2024250011A1,91737942,2023-06-02,Microfiber filter device for laundry machine,Baleena Co,https://patents.google.com/patent/WO2024250011A1/en
