sample_id,publication,field,review_status,support_status,observation_count
H1-F72658993,CN112914464A,capture,complete_in_original_A_scope,explicit,1
H1-F72658993,CN112914464A,cleaning,partial,explicit,1
H1-F72658993,CN112914464A,transfer,partial,same_embodiment_combination,1
H1-F72658993,CN112914464A,chamber_drainage,complete_in_original_A_scope,not_located_in_reviewed_scope,1
H1-F72658993,CN112914464A,solids_dewatering,partial,explicit,1
H1-F72658993,CN112914464A,liquid_route,partial,explicit,1
H1-F72658993,CN112914464A,storage,complete_in_original_A_scope,explicit,1
H1-F72658993,CN112914464A,removal,partial,explicit,1
H1-F72658993,CN112914464A,state_switch,complete_in_original_A_scope,explicit,3
H1-F72658993,CN112914464A,seals_connections,partial,explicit,1
H1-F72658993,CN112914464A,performance,complete_in_original_A_scope,explicit,1
H1-F72658993,CN112914464A,endpoint,partial,explicit,1
H1-F72658993,CN112914464A,carrier_conditioning,complete_in_original_A_scope,not_located_in_reviewed_scope,1
H1-F84940183,CN115637570A,capture,complete_in_original_A_scope,explicit,3
H1-F84940183,CN115637570A,cleaning,complete_in_original_A_scope,explicit,1
H1-F84940183,CN115637570A,transfer,complete_in_original_A_scope,explicit,1
H1-F84940183,CN115637570A,chamber_drainage,complete_in_original_A_scope,not_located_in_reviewed_scope,1
H1-F84940183,CN115637570A,solids_dewatering,complete_in_original_A_scope,not_located_in_reviewed_scope,1
H1-F84940183,CN115637570A,liquid_route,complete_in_original_A_scope,explicit,1
H1-F84940183,CN115637570A,storage,complete_in_original_A_scope,same_embodiment_combination,1
H1-F84940183,CN115637570A,removal,complete_in_original_A_scope,same_embodiment_combination,1
H1-F84940183,CN115637570A,state_switch,complete_in_original_A_scope,explicit,1
H1-F84940183,CN115637570A,seals_connections,complete_in_original_A_scope,explicit,1
H1-F84940183,CN115637570A,performance,complete_in_original_A_scope,explicit,1
H1-F84940183,CN115637570A,endpoint,complete_in_original_A_scope,not_located_in_reviewed_scope,1
H1-F84940183,CN115637570A,carrier_conditioning,complete_in_original_A_scope,not_located_in_reviewed_scope,1
H1-F93508213,CN222043626U,capture,partial,explicit,1
H1-F93508213,CN222043626U,cleaning,not_reviewed_this_revision,,0
H1-F93508213,CN222043626U,transfer,not_reviewed_this_revision,,0
H1-F93508213,CN222043626U,chamber_drainage,not_reviewed_this_revision,,0
H1-F93508213,CN222043626U,solids_dewatering,not_reviewed_this_revision,,0
H1-F93508213,CN222043626U,liquid_route,partial,same_embodiment_combination,1
H1-F93508213,CN222043626U,storage,partial_saved_text_targeted,explicit,1
H1-F93508213,CN222043626U,removal,partial,same_embodiment_combination,1
H1-F93508213,CN222043626U,state_switch,partial_saved_text_targeted,explicit,1
H1-F93508213,CN222043626U,seals_connections,partial,same_embodiment_combination,1
H1-F93508213,CN222043626U,performance,not_reviewed_this_revision,,0
H1-F93508213,CN222043626U,endpoint,not_reviewed_this_revision,,0
H1-F93508213,CN222043626U,carrier_conditioning,not_reviewed_this_revision,,0
H1-F69171968,CN115087774A,capture,complete_in_checked_original_A_scope,explicit,1
H1-F69171968,CN115087774A,cleaning,complete_in_checked_original_A_scope,partial_explicit_plate_release_not_mesh_regeneration,1
H1-F69171968,CN115087774A,transfer,complete_in_checked_original_A_scope,explicit,1
H1-F69171968,CN115087774A,chamber_drainage,partial,explicit,2
H1-F69171968,CN115087774A,solids_dewatering,partial,explicit,2
H1-F69171968,CN115087774A,liquid_route,partial,explicit,2
H1-F69171968,CN115087774A,storage,complete_in_checked_original_A_scope,explicit_temporary_chamber_retention,1
H1-F69171968,CN115087774A,removal,partial,explicit,2
H1-F69171968,CN115087774A,state_switch,complete_in_checked_original_A_scope,explicit,1
H1-F69171968,CN115087774A,seals_connections,partial,explicit,2
H1-F69171968,CN115087774A,performance,complete_in_checked_original_A_scope,explicit_text_claim_test_support_unlocated,1
H1-F69171968,CN115087774A,endpoint,complete_in_checked_original_A_scope,explicit_downstream_route_not_verified_completion,1
H1-F69171968,CN115087774A,carrier_conditioning,complete_in_checked_original_A_scope,not_located_in_reviewed_scope,1
H1-F85120837,CN115700309A,capture,not_reviewed_this_revision,,0
H1-F85120837,CN115700309A,cleaning,not_reviewed_this_revision,,0
H1-F85120837,CN115700309A,transfer,not_reviewed_this_revision,,0
H1-F85120837,CN115700309A,chamber_drainage,not_reviewed_this_revision,,0
H1-F85120837,CN115700309A,solids_dewatering,not_reviewed_this_revision,,0
H1-F85120837,CN115700309A,liquid_route,partial,same_embodiment_combination,1
H1-F85120837,CN115700309A,storage,not_reviewed_this_revision,,0
H1-F85120837,CN115700309A,removal,partial,same_embodiment_combination,1
H1-F85120837,CN115700309A,state_switch,not_reviewed_this_revision,,0
H1-F85120837,CN115700309A,seals_connections,not_reviewed_this_revision,,0
H1-F85120837,CN115700309A,performance,not_reviewed_this_revision,,0
H1-F85120837,CN115700309A,endpoint,not_reviewed_this_revision,,0
H1-F85120837,CN115700309A,carrier_conditioning,not_reviewed_this_revision,,0
H1-F91644784,CN118273060A,capture,not_reviewed_this_revision,,0
H1-F91644784,CN118273060A,cleaning,not_reviewed_this_revision,,0
H1-F91644784,CN118273060A,transfer,not_reviewed_this_revision,,0
H1-F91644784,CN118273060A,chamber_drainage,not_reviewed_this_revision,,0
H1-F91644784,CN118273060A,solids_dewatering,not_reviewed_this_revision,,0
H1-F91644784,CN118273060A,liquid_route,partial,explicit,1
H1-F91644784,CN118273060A,storage,not_reviewed_this_revision,,0
H1-F91644784,CN118273060A,removal,partial,same_embodiment_combination,1
H1-F91644784,CN118273060A,state_switch,not_reviewed_this_revision,,0
H1-F91644784,CN118273060A,seals_connections,not_reviewed_this_revision,,0
H1-F91644784,CN118273060A,performance,not_reviewed_this_revision,,0
H1-F91644784,CN118273060A,endpoint,not_reviewed_this_revision,,0
H1-F91644784,CN118273060A,carrier_conditioning,not_reviewed_this_revision,,0
H1-F78536409,WO2022084677A1,capture,not_reviewed_this_revision,,0
H1-F78536409,WO2022084677A1,cleaning,not_reviewed_this_revision,,0
H1-F78536409,WO2022084677A1,transfer,partial,explicit,1
H1-F78536409,WO2022084677A1,chamber_drainage,partial,explicit,1
H1-F78536409,WO2022084677A1,solids_dewatering,partial,explicit,1
H1-F78536409,WO2022084677A1,liquid_route,not_reviewed_this_revision,,0
H1-F78536409,WO2022084677A1,storage,not_reviewed_this_revision,,0
H1-F78536409,WO2022084677A1,removal,partial,same_embodiment_combination,1
H1-F78536409,WO2022084677A1,state_switch,not_reviewed_this_revision,,0
H1-F78536409,WO2022084677A1,seals_connections,not_reviewed_this_revision,,0
H1-F78536409,WO2022084677A1,performance,not_reviewed_this_revision,,0
H1-F78536409,WO2022084677A1,endpoint,not_reviewed_this_revision,,0
H1-F78536409,WO2022084677A1,carrier_conditioning,not_reviewed_this_revision,,0
H1-F90826597,WO2024199585A1,capture,complete_in_checked_scope,explicit,1
H1-F90826597,WO2024199585A1,cleaning,partial,explicit,3
H1-F90826597,WO2024199585A1,transfer,complete_in_checked_scope,explicit,1
H1-F90826597,WO2024199585A1,chamber_drainage,complete_in_checked_scope,not_located_in_reviewed_scope,1
H1-F90826597,WO2024199585A1,solids_dewatering,complete_in_checked_scope,explicit,1
H1-F90826597,WO2024199585A1,liquid_route,complete_in_checked_scope,explicit,1
H1-F90826597,WO2024199585A1,storage,complete_in_checked_scope,explicit,1
H1-F90826597,WO2024199585A1,removal,partial,explicit,1
H1-F90826597,WO2024199585A1,state_switch,complete_in_checked_scope,explicit,1
H1-F90826597,WO2024199585A1,seals_connections,complete_in_checked_scope,explicit,1
H1-F90826597,WO2024199585A1,performance,complete_in_checked_scope,explicit,3
H1-F90826597,WO2024199585A1,endpoint,complete_in_checked_scope,partial_explicit_final_disposal_unlocated,1
H1-F90826597,WO2024199585A1,carrier_conditioning,complete_in_checked_scope,not_located_in_reviewed_scope,1
H1-F91737942,WO2024250011A1,capture,complete_in_checked_scope,explicit,1
H1-F91737942,WO2024250011A1,cleaning,partial,explicit,1
H1-F91737942,WO2024250011A1,transfer,partial,explicit,1
H1-F91737942,WO2024250011A1,chamber_drainage,complete_in_checked_scope,explicit_device_drainage_chamber_boundary_unresolved,1
H1-F91737942,WO2024250011A1,solids_dewatering,complete_in_checked_scope,not_located_in_reviewed_scope,1
H1-F91737942,WO2024250011A1,liquid_route,complete_in_checked_scope,explicit,1
H1-F91737942,WO2024250011A1,storage,partial,explicit,1
H1-F91737942,WO2024250011A1,removal,partial,same_embodiment_combination,1
H1-F91737942,WO2024250011A1,state_switch,complete_in_checked_scope,explicit,1
H1-F91737942,WO2024250011A1,seals_connections,complete_in_checked_scope,explicit_with_unresolved_source_conflict,3
H1-F91737942,WO2024250011A1,performance,complete_in_checked_scope,explicit,2
H1-F91737942,WO2024250011A1,endpoint,complete_in_checked_scope,not_located_in_reviewed_scope,1
H1-F91737942,WO2024250011A1,carrier_conditioning,complete_in_checked_scope,not_located_in_reviewed_scope,1
H1-F70804819,CN115298383A,capture,partial,explicit,1
H1-F70804819,CN115298383A,cleaning,partial,explicit,1
H1-F70804819,CN115298383A,transfer,partial,same_embodiment_combination,1
H1-F70804819,CN115298383A,chamber_drainage,not_reviewed_this_revision,,0
H1-F70804819,CN115298383A,solids_dewatering,not_reviewed_this_revision,,0
H1-F70804819,CN115298383A,liquid_route,not_reviewed_this_revision,,0
H1-F70804819,CN115298383A,storage,not_reviewed_this_revision,,0
H1-F70804819,CN115298383A,removal,not_reviewed_this_revision,,0
H1-F70804819,CN115298383A,state_switch,not_reviewed_this_revision,,0
H1-F70804819,CN115298383A,seals_connections,not_reviewed_this_revision,,0
H1-F70804819,CN115298383A,performance,not_reviewed_this_revision,,0
H1-F70804819,CN115298383A,endpoint,not_reviewed_this_revision,,0
H1-F70804819,CN115298383A,carrier_conditioning,partial,same_embodiment_combination,1
H1-F86813332,CN116282270A,capture,not_reviewed_this_revision,,0
H1-F86813332,CN116282270A,cleaning,partial,explicit,1
H1-F86813332,CN116282270A,transfer,partial,explicit,1
H1-F86813332,CN116282270A,chamber_drainage,not_reviewed_this_revision,,0
H1-F86813332,CN116282270A,solids_dewatering,not_reviewed_this_revision,,0
H1-F86813332,CN116282270A,liquid_route,not_reviewed_this_revision,,0
H1-F86813332,CN116282270A,storage,not_reviewed_this_revision,,0
H1-F86813332,CN116282270A,removal,partial,same_embodiment_combination,1
H1-F86813332,CN116282270A,state_switch,partial,conflict,1
H1-F86813332,CN116282270A,seals_connections,not_reviewed_this_revision,,0
H1-F86813332,CN116282270A,performance,not_reviewed_this_revision,,0
H1-F86813332,CN116282270A,endpoint,not_reviewed_this_revision,,0
H1-F86813332,CN116282270A,carrier_conditioning,not_reviewed_this_revision,,0
H1-F90159083,CN117702432A,capture,not_reviewed_this_revision,,0
H1-F90159083,CN117702432A,cleaning,not_reviewed_this_revision,,0
H1-F90159083,CN117702432A,transfer,not_reviewed_this_revision,,0
H1-F90159083,CN117702432A,chamber_drainage,not_reviewed_this_revision,,0
H1-F90159083,CN117702432A,solids_dewatering,not_reviewed_this_revision,,0
H1-F90159083,CN117702432A,liquid_route,not_reviewed_this_revision,,0
H1-F90159083,CN117702432A,storage,not_reviewed_this_revision,,0
H1-F90159083,CN117702432A,removal,partial,same_embodiment_combination,1
H1-F90159083,CN117702432A,state_switch,partial,explicit,1
H1-F90159083,CN117702432A,seals_connections,not_reviewed_this_revision,,0
H1-F90159083,CN117702432A,performance,not_reviewed_this_revision,,0
H1-F90159083,CN117702432A,endpoint,not_reviewed_this_revision,,0
H1-F90159083,CN117702432A,carrier_conditioning,not_reviewed_this_revision,,0
H1-F91718058,CN120500565A,capture,partial,explicit,1
H1-F91718058,CN120500565A,cleaning,partial,explicit,1
H1-F91718058,CN120500565A,transfer,partial,explicit,1
H1-F91718058,CN120500565A,chamber_drainage,partial,not_located_in_reviewed_scope,1
H1-F91718058,CN120500565A,solids_dewatering,partial,not_located_in_reviewed_scope,1
H1-F91718058,CN120500565A,liquid_route,partial,explicit,2
H1-F91718058,CN120500565A,storage,partial,explicit,1
H1-F91718058,CN120500565A,removal,partial,explicit,3
H1-F91718058,CN120500565A,state_switch,partial,explicit,1
H1-F91718058,CN120500565A,seals_connections,partial,explicit,3
H1-F91718058,CN120500565A,performance,partial,explicit,1
H1-F91718058,CN120500565A,endpoint,partial,not_located_in_reviewed_scope,1
H1-F91718058,CN120500565A,carrier_conditioning,partial,not_located_in_reviewed_scope,1
H1-F85720193,WO2023047385A1,capture,not_reviewed_this_revision,,0
H1-F85720193,WO2023047385A1,cleaning,not_reviewed_this_revision,,0
H1-F85720193,WO2023047385A1,transfer,partial,explicit,1
H1-F85720193,WO2023047385A1,chamber_drainage,not_reviewed_this_revision,,0
H1-F85720193,WO2023047385A1,solids_dewatering,not_reviewed_this_revision,,0
H1-F85720193,WO2023047385A1,liquid_route,partial,explicit,1
H1-F85720193,WO2023047385A1,storage,not_reviewed_this_revision,,0
H1-F85720193,WO2023047385A1,removal,partial,explicit,1
H1-F85720193,WO2023047385A1,state_switch,not_reviewed_this_revision,,0
H1-F85720193,WO2023047385A1,seals_connections,not_reviewed_this_revision,,0
H1-F85720193,WO2023047385A1,performance,not_reviewed_this_revision,,0
H1-F85720193,WO2023047385A1,endpoint,not_reviewed_this_revision,,0
H1-F85720193,WO2023047385A1,carrier_conditioning,not_reviewed_this_revision,,0
