sample_id,publication,family_key,sample_role,grant_lead,current_status,reason
H1-F72658993,CN112914464A,72658993,pending,,unknown,具体相关授权文本与截至核验时点的有效资格未闭合；保留技术复核，不计入已核有效核心数
H1-F84940183,CN115637570A,84940183,pending,CN115637570B,unknown,具体相关授权文本与截至核验时点的有效资格未闭合；保留技术复核，不计入已核有效核心数
H1-F93508213,CN222043626U,93508213,pending,CN222043626U (utility-model publication kind; no maintenance finding),unknown,具体相关授权文本与截至核验时点的有效资格未闭合；保留技术复核，不计入已核有效核心数
H1-F69171968,CN115087774A,69171968,pending,,unknown,具体相关授权文本与截至核验时点的有效资格未闭合；保留技术复核，不计入已核有效核心数
H1-F85120837,CN115700309A,85120837,pending,,unknown,具体相关授权文本与截至核验时点的有效资格未闭合；保留技术复核，不计入已核有效核心数
H1-F91644784,CN118273060A,91644784,pending,,unknown,具体相关授权文本与截至核验时点的有效资格未闭合；保留技术复核，不计入已核有效核心数
H1-F78536409,WO2022084677A1,78536409,pending,,unknown,具体相关授权文本与截至核验时点的有效资格未闭合；保留技术复核，不计入已核有效核心数
H1-F90826597,WO2024199585A1,90826597,pending,,unknown,具体相关授权文本与截至核验时点的有效资格未闭合；保留技术复核，不计入已核有效核心数
H1-F91737942,WO2024250011A1,91737942,pending,,unknown,具体相关授权文本与截至核验时点的有效资格未闭合；保留技术复核，不计入已核有效核心数
H1-F70804819,CN115298383A,70804819,pending,,unknown,具体相关授权文本与截至核验时点的有效资格未闭合；保留技术复核，不计入已核有效核心数
H1-F86813332,CN116282270A,86813332,pending,CN116282270B,unknown,具体相关授权文本与截至核验时点的有效资格未闭合；保留技术复核，不计入已核有效核心数
H1-F90159083,CN117702432A,90159083,pending,,unknown,具体相关授权文本与截至核验时点的有效资格未闭合；保留技术复核，不计入已核有效核心数
H1-F91718058,CN120500565A,91718058,pending,,unknown,具体相关授权文本与截至核验时点的有效资格未闭合；保留技术复核，不计入已核有效核心数
H1-F85720193,WO2023047385A1,85720193,pending,,unknown,具体相关授权文本与截至核验时点的有效资格未闭合；保留技术复核，不计入已核有效核心数
