Id,Label,FamilyCount
Baleena Co,Baleena Co,1
EGO Elektro Geratebau GmbH,EGO Elektro Geratebau GmbH,1
Fraunhofer Gesellschaft zur Foerderung der Angewandten Forschung eV,Fraunhofer Gesellschaft zur Foerderung der Angewandten Forschung eV,1
Haier Smart Home Co Ltd,Haier Smart Home Co Ltd,2
Heritage Earth Ltd,Heritage Earth Ltd,1
IFP Energies Nouvelles IFPEN,IFP Energies Nouvelles IFPEN,1
LG Electronics Inc,LG Electronics Inc,1
Northeast Petroleum University,Northeast Petroleum University,1
Qingdao Haier Smart Technology R&D Co Ltd,Qingdao Haier Smart Technology R&D Co Ltd,1
Qingdao Haier Washing Electric Appliance Co Ltd,Qingdao Haier Washing Electric Appliance Co Ltd,1
Qingdao Haier Washing Machine Co Ltd,Qingdao Haier Washing Machine Co Ltd,1
Rheinische Friedrich Wilhelms Universitaet Bonn,Rheinische Friedrich Wilhelms Universitaet Bonn,1
TCL Home Appliances Hefei Co Ltd,TCL Home Appliances Hefei Co Ltd,2
UFI Filters SpA,UFI Filters SpA,1
Whirlpool Corp,Whirlpool Corp,1
Xeros Ltd,Xeros Ltd,1
